topic,problem_statement,answer_option_1,answer_option_2,answer_option_3,answer_option_4,answer_option_5,solution,correct_option_number_pred
Spatial reasoning,"You have four rods of different lengths: 8 cm, 5 cm, 12 cm, and 3 cm. You must create a three-dimensional shape with all four rods so that each rod is connected to two others at its ends, forming a closed structure with triangular faces. How many distinct shapes can you form, considering that two shapes are distinct if they cannot be rotated or mirrored to look identical?",1,2,3,4,Another answer,"Step 1: Identify feasible connections among rods based on their lengths. Rods must connect end-to-end without overlapping. | Step 2: List all permutations of rod connections while ensuring the sum of connected rod lengths matches the target connection length (e.g., 8+5=13, 8+12=20, etc.). Discard invalid combinations. | Step 3: From the valid permutations, construct potential polyhedra by grouping rods into sets that could form triangular faces. Ensure that the internal angles of each triangle do not exceed 180 degrees. | Step 4: Use combinatorial methods to count distinct arrangements of triangular faces within each polyhedron, taking into account rotational and reflectional symmetries. | Step 5: Apply group theory more rigorously by defining the appropriate dihedral groups for each polyhedron. Calculate the orbit of each arrangement under these groups to ensure uniqueness. | Step 6: Summarize the results, confirming that only two distinct polyhedral structures exist according to the defined symmetries. | After implementing the improvements, it is confirmed that there are precisely two distinct three-dimensional shapes that can be created from the given rods, adhering to the rules of rotation and reflection symmetry.",1
Lateral thinking,"A woman shoots her husband. Then she holds him underwater for five minutes. Finally, she hangs him. But 5 minutes later, they both go out and enjoy a lovely dinner together. How can this be?",The woman has a twin sister who was with the husband at dinner.,"The woman attempted murder but failed, and they made up.",The husband is a ghost.,"The 'shooting', 'holding underwater', and 'hanging' are part of the photo development process.",Another answer,"Step 1: Consider that the actions described could metaphorically represent processes rather than literal events. | Step 2: Analyze each option provided in relation to the context given - a seemingly grim scenario followed by an unexpectedly positive outcome. | Step 3: Rule out options that involve supernatural elements or unrelated scenarios such as having a twin sister or making up after a failed attempt on life. | Step 4: Evaluate the remaining plausible explanation which involves photography terminology being used metaphorically. | (4) The 'shooting', 'holding underwater', and 'hanging' are part of the photo development process.",4
Classic riddles,You are in a race and you overtake the second person. What position are you in now?,First,Second,Third,Fourth,Another answer,"Step 1: Identify the initial scenario - In a race, there are several runners, including yourself. | Step 2: Recognize the action taken - You overtake another runner, specifically the person currently in second place. | Step 3: Assess the immediate effect of the action - Upon overtaking the second person, you advance from their current position. | Step 4: Evaluate the potential impact on surrounding positions - Other runners remain unaffected by this specific overtaking unless stated otherwise. | Step 5: Deduce your new position - After successfully overtaking the second person, you step into their former spot, making you the new second-place finisher. | Second",2
Operation of mechanisms,"In a factory, there are three machines A, B, and C. Machine A polishes items, Machine B engraves them and Machine C performs a quality check. Every item must go through all three processes. The time taken by the machines is different: A takes 3 minutes per item, B takes 4 minutes per item, and C takes 2 minutes per item. Given that each machine can only handle one item at a time, in what order should the items be processed so that the maximum number of items are completed in 60 minutes?",A -> B -> C,B -> A -> C,C -> B -> A,A -> C -> B,Another answer,"Step 1: Identify the fastest machine - Machine C takes 2 minutes per item, followed by Machine A taking 3 minutes per item, and Machine B takes 4 minutes per item. | Step 2: Determine the optimal sequence to maximize output within the given time frame of 60 minutes. | Step 3: Start with Machine C as it has the shortest processing time. This will allow us to process more items quickly. | Step 4: Next, use Machine A after Machine C finishes an item because it's faster than Machine B. | Step 5: Finally, use Machine B last as it has the longest processing time. | (4) A -> C -> B",4
Operation of mechanisms,"You have three seemingly identical machines, each with a single button on top. One of the machines is programmed to always dispense a gold coin when its button is pressed, another is programmed to always dispense a silver coin, and the third machine is programmed to randomly dispense either a gold coin or nothing. You don't have any coins to start with. Your task is to determine the mechanism of each machine by pushing their buttons as few times as possible, but there's a catch: After you push a button, there is a cooling-off period where you must wait 15 minutes before you can push any button again. What is the fewest number of times you have to press the buttons to be certain of each machine's operation?",Three presses,Four presses,Six presses,It's impossible to determine in a finite number of presses,Another answer,"Step 1: Push the first button on all three machines. This action helps establish a baseline understanding of what each machine typically outputs. | Step 2: Analyze the results from Step 1. If at least one machine dispenses a gold coin, note down the corresponding machine(s). If none do, move to Step 3. However, if one machine dispenses a gold coin while others do not, record this information but prepare for potential retesting due to the random nature of one machine. | Step 3: Assuming no gold coin was initially dispensed, repeat the process by pushing the first button on all three machines again. This step ensures that we gather enough data points to make informed decisions about the machines' behaviors. | Step 4: Now, having pushed the first button twice on each machine, analyze the combined results. At least one machine should have been observed dispensing a gold coin during one of the trials. Identify this machine as the likely gold coin dispenser. | Step 5: Focus on the remaining two machines. On the next trial, push the first button on the machine previously noted as possibly random (since it never dispensed a gold coin in the initial tests). If this time it dispenses a gold coin, it confirms that this machine is indeed the random machine. If it doesn't, it suggests that our identification of the random machine might still be uncertain, requiring further investigation. | Four presses are needed to increase confidence in identifying each machine, though absolute certainty cannot be guaranteed within this framework due to the inherent randomness of one machine.",2
Sequence solving,"You are presented with a sequence of numbers that represent the number of dots in a series of images: 1, 5, 12, 22, 35, ? You have to figure out the principle that generates the sequence. What is the number represented by the question mark?",42,49,51,56,Another answer,"Step 1: Observe the differences between consecutive terms in the sequence. | Step 2: Calculate the differences: 5-1=4, 12-5=7, 22-12=10, 35-22=13. | Step 3: Notice that the differences themselves form a sequence increasing by 3 each time (4, 7, 10, 13). | Step 4: Predict the next difference by adding 3 to the last difference: 13+3=16. | Step 5: Add the predicted difference to the last term in the original sequence to find the next term: 35+16=51. | 51",3
Optimization of actions and planning,"Alice is planning her work schedule for the week. She has 3 tasks to complete: Task A takes 4 hours, Task B takes 3 hours, and Task C takes 2 hours. She can work a maximum of 5 hours per day. She has personal commitments on Wednesday, so she can't work more than 2 hours. What is the minimum number of days Alice needs to finish all tasks if she wants to dedicate entire work blocks to a single task and not split any task across days?",2 days,3 days,4 days,5 days,Another answer,"{'final_answer_text': ""The key to optimizing Ella's schedule is to minimize the number of days without violating her conditions for working hours and task completion. Day 1: Ella can complete the first task (3 hours) and start the second task but won't be able to complete it within the same day within 8 hour limit. Day 2: Ella completes the second task (5 hours), which takes a total of 5 hours but can't start the third task. Day 3: Ella completes the third task, which takes 7 hours. Hence, the minimum number of days Ella needs to complete the project is 3."", 'options': ['2 days', '3 days', '4 days', '5 days', 'Another answer'], 'correct_option_number': 1}",1
Spatial reasoning,"You have a 10x10x10 cube made up of 1x1x1 smaller cubes. The large cube is painted red on all of the outside surfaces. If the 10x10x10 cube is broken into the individual 1x1x1 cubes, how many of the smaller cubes will have red paint on exactly two sides?",88,96,104,112,Another answer,"96 | To find the number of smaller cubes with red paint on exactly two sides, we need to consider the edges but not the corners. Each face has 10x10 = 100 cubes, but the corner cubes are shared by three faces, leaving us with 8x10 = 80 cubes per edge. There are 12 edges in total, but again, the four corner cubes at each edge are counted twice, once for each adjacent edge. So, we subtract these 4 from each edge count, resulting in 76 cubes per edge. Multiplying this by 12 gives us 912. However, because each edge cube is shared between two faces, we've double-counted them. Therefore, we divide 912 by 2 to get the correct count of 456 cubes. But we must also exclude the center cubes along the edges, as they would have three painted sides instead of two. Since there are 4 such central cubes per edge, we subtract 4*12=48 from our previous result, giving us 456-48=408. Finally, dividing by 2 to account for the double counting, we arrive at 204. This calculation seems incorrect; let's reassess it step by step.",2
Optimization of actions and planning,"Four friends are planning to attend a series of events in a single day. They want to maximize the total number of different events they can attend. The schedule is as follows: Event A (09:00-11:00), Event B (10:30-12:30), Event C (11:15-13:15), and Event D (12:45-14:45). Assume traveling time between events is negligible and each friend can attend an event from the beginning to the end only if they don't overlap. What is the maximum number of different events the group can attend in total if they split up optimally and each event requires at least one of them to be present?",3,4,5,6,Another answer,Step 1: Identify non-overlapping time slots among the events. | Step 2: Split the group into two subgroups based on the earliest available start times. | Step 3: Assign members of each subgroup to the events they can attend without overlap. | Step 4: Maximize attendance by ensuring both subgroups cover the widest range of events. | 4,4
Classic riddles,"A wealthy book collector dies and leaves a will stating that his gold shall be shared among his three sons. According to the will, the eldest son will get half of the gold coins, the middle son will get one-third, and the youngest will get one-ninth. The book collector had 17 gold coins. To prevent them from melting down or damaging the coins to divide them, how can the sons divide the gold fairly according to the will's conditions?","Borrow 1 coin and divide; eldest gets 9, middle gets 6, and youngest gets 2, then return the borrowed coin.",The sons cannot divide the coins without melting or damaging them.,"Each son gets an equal amount, 17 divided by 3, rounded down.",They auction the coins and divide the money according to the will’s proportions.,Another answer,"Each son gets an equal amount, 17 divided by 3, rounded down. | To divide the 17 gold coins fairly among the three sons according to their shares in the will, we calculate 17 // 3, which equals 5. This means each son receives 5 gold coins. There will be 2 coins left over because 17 modulo 3 equals 2. These 2 extra coins cannot be distributed evenly according to the specified fractions. Thus, while this method does not perfectly adhere to the will's instructions due to rounding down, it represents the closest equitable solution under the constraint of whole coins.",3
Sequence solving,"You're shown a sequence of numbers that appear to be increasing unpredictably: 2, 5, 10, 17, 26. You need to figure out the rule that governs the sequence to predict the next two numbers. What are the sixth and seventh numbers in this sequence?",37 and 50,36 and 49,35 and 48,42 and 56,Another answer,"Step 1: Observe the differences between consecutive numbers in the sequence: 5-2=3, 10-5=5, 17-10=7, 26-17=9. | Step 2: Notice that the differences themselves form an arithmetic sequence: 3, 5, 7, 9. This suggests that the difference increases by 2 each time. | Step 3: Predict the next difference by continuing the pattern: 9+2=11. | Step 4: Add the predicted difference to the last number in the original sequence to get the next number: 26+11=37. | Step 5: Repeat the process for the next number. The new difference will increase by 2 again: 11+2=13. | Step 6: Add the new difference to the last found number to get the subsequent number: 37+13=50. | 37 and 50",1
Sequence solving,"Imagine you encounter a bizarre sequence of numbers where each number depends on the one before it. The sequence begins with the number 2, and the rule to find the next number is to sum the digits of the square of the current number. The beginning of the sequence is as follows: 2, 4, 16, 7, 49, 16, 7... What is the 10th number in the sequence?",2,7,13,4,Another answer,"Step 1: Understand the rule - To get the next number in the sequence, take the square of the current number and sum its digits. | Step 2: Apply the rule to the first few terms to confirm understanding - For example, for the second term, we have 2^2=4, and the sum of its digits is 4. For the third term, we have 4^2=16, and the sum of its digits is 1+6=7. | Step 3: Continue applying the rule to generate the sequence until reaching the 10th term. | Step 4: Calculate the 8th term using the previous method - Starting with the last known term, 7, we calculate 7^2=49, and the sum of its digits is 4+9=13. | 13",3
Spatial reasoning,"In a room, there are 4 corner tables shaped as quarter-circles. Each table fits perfectly in each corner of the room. If you put them together, they form a full circle. One day, the tables were rearranged to form a new shape - a square with an empty space in the middle. The side of the square formed by the tables is twice the length of each side of the original square room. What is the ratio of the area of the empty space in the middle of the tables to the area of one table?",4 - pi,16/pi - 4,4/pi - 1,4/pi + 1,Another answer,"Step 1: Identify the radius of the original circular arrangement. The radius 'r' is half the side length of the original square room, denoted as 's'. So, r = s/2. | Step 2: Calculate the area of the original circle using the formula A = pi * r^2. Substituting the value of 'r', we get A = pi * (s/2)^2 = pi * s^2 / 4. | Step 3: Determine the side length of the new square formation. It is given as twice the length of the original square room, i.e., 2s. | Step 4: Calculate the area of the new square using the formula A = side^2. Substituting the value of 'side', we get A = (2s)^2 = 4s^2. | Step 5: Find the area of the empty space in the middle of the tables by subtracting the area of the original circle from the area of the new square: Empty Space Area = New Square Area - Original Circle Area = 4s^2 - pi * s^2 / 4. | (4s^2 - pi * s^2 / 4) / (pi * s^2 / 4)",2
Lateral thinking,Emma has been captured and she only has one chance to escape. The kidnapper tells her she can leave if she figures out the pattern and fills in the blank correctly. He gives her a piece of paper with the sequence: 'JFMAMJJASON_D'. What letter should Emma write in the blank to escape?,F,A,D,O,Another answer,"Step 1: Identify the initial pattern - The sequence provided by the kidnapper represents the first letter of each month of the year in order. | Step 2: Recognize the repetition - After September ('S'), the pattern starts again from January ('J'). | Step 3: Determine the position of the blank - The blank '_' comes after September ('S') which indicates it is the start of a new cycle. | J",1
Spatial reasoning,"Imagine a cube that is painted red on all its faces and is then cut into 27 identical smaller cubes. These smaller cubes are mixed up with identical cubes of the same size that have never been painted. If the ratio of painted to unpainted smaller cubes is 2:1, how many of the smaller cubes have exactly two red faces exposed?",8,12,18,27,Another answer,"{'final_answer_text': ""There are 27 small cubes. The only cubes with two red faces are the cubes from the edges of the original cube, but not the corners. There are 12 such cubes. To make sure you have at least one of these cubes with two red faces, take all 8 corner cubes first (none of which have two red faces, only one), leaving 19 cubes in the bag (all the middle cubes, including the ones with two and three red faces). By taking one more cube, we guarantee getting a cube with at least two red faces, because we'll be left with all the cubes from the middle of the faces and from the center of the cube, where at least the middle of the faces cubes have two red sides. Hence, the minimum number of cubes needed to be taken is 9."", 'options': ['7', '9', '8', '10', 'Another answer'], 'correct_option_number': 3}",1
Operation of mechanisms,"A new clock has been designed to use a special mechanism where each of the three gears (A, B, and C) engage with each other in a linear sequence (A engages with B, B engages with C). Gear A rotates clockwise, and each gear has a different number of teeth: Gear A has 40 teeth, Gear B has 55 teeth, and Gear C has 70 teeth. If gear A makes one full rotation clockwise, how many rotations and in which direction will gear C complete?",4/7 rotations clockwise,7/4 rotations counterclockwise,1/4 rotations clockwise,4/7 rotations counterclockwise,Another answer,Step 1: Determine the gear ratio between Gear A and Gear B by dividing the number of teeth on Gear B by the number of teeth on Gear A. Ratio A:B = 55/40. | Step 2: Simplify the ratio A:B to its lowest terms. Ratio A:B simplified = 11/8. | Step 3: Determine the gear ratio between Gear B and Gear C by dividing the number of teeth on Gear C by the number of teeth on Gear B. Ratio B:C = 70/55. | Step 4: Simplify the ratio B:C to its lowest terms. Ratio B:C simplified = 14/11. | Step 5: Calculate the overall gear ratio from Gear A to Gear C by multiplying the individual ratios together. Overall Ratio A:C = (11/8) * (14/11). | Step 6: Further simplify the overall ratio A:C. Overall Ratio A:C simplified = 14/8 = 7/4. | Gear C completes 7/4 rotations counterclockwise when Gear A completes one full rotation.,2
Classic riddles,You arrive at a fork in the road and find a pair of identical twin sisters standing there. One sister always tells the truth and the other always lies. You can ask just one question to either sister to figure out which road leads to the city. What question should you ask?,What road would your sister say is the one to the city?,"If your sister were here, which road would she tell me to take?",Do you know the way to the city?,Can you tell me which road leads to the city?,Another answer,"If you ask either sister, 'Which road would your sister say is the one to the city?', then take the opposite road. | This works because if you ask the truthful sister, she will honestly relay her liar sister's false direction. Conversely, if you ask the liar sister, she will deceive you by pointing to the true path as well since she cannot truthfully claim her sister's honesty.",1
Lateral thinking,"Alice, Bob, and Charlie are trapped in a room with two doors. One door leads to freedom, but the other door leads to a room full of traps that is unavoidable once someone enters. There is no indication of which door is which. In the room, there is a computer that allows them to ask one yes-or-no question. The computer will answer truthfully, but it will turn off after one question. They need to figure out which door to take without risking anyone's life. What single question can they ask the computer to ensure they pick the correct door to freedom?",Is the left door the one that leads to freedom?,Is the right door the one that leads to traps?,"If we were to ask you whether the left door leads to freedom, would you say yes?",Does either door lead to freedom at all?,Another answer,"If we were to ask you whether the left door leads to freedom, would you say yes? | By asking the computer this conditional question, regardless of its initial state, it must respond consistently due to its truth-telling nature. If the left door indeed leads to freedom, the computer would affirmatively reply ('yes') when asked directly. Conversely, if the left door does not lead to freedom, the computer would falsely deny ('no') when faced with the hypothetical scenario. This approach eliminates ambiguity and relies solely on the computer's consistent truthfulness.",3
Spatial reasoning,"Four friends are at corners of a large square field and want to reach the exact center of the field at the same time. Each of them starts walking at the same time with the same walking speed but each takes a different straight path. The paths are as follows: Friend A walks directly towards the center, Friend B walks diagonally to the opposite corner and then takes a 90-degree turn towards the center, Friend C walks to the midpoint of one of the edges of the square and then walks parallel to another edge to reach the center, and Friend D takes a path that first heads to the center of an adjacent edge and then directly towards the center. Assuming they all walk at a constant speed, which friend would need to walk the fastest to reach the center at the same time as the others?",Friend A,Friend B,Friend C,Friend D,Another answer,"Step 1: Understand the geometry of the situation - a square field implies equal sides and angles. | Step 2: Recognize that the shortest distance between any two points is a straight line, which applies to the center of the square. | Step 3: Analyze each friend's path geometrically - Friend A travels a straight line to the center, Friend B traverses the entire diagonal and then half of it, Friend C covers half the length of one edge twice, and Friend D moves half the length of an edge plus half the diagonal minus half the edge again. | Step 4: Compare the distances covered by each friend using basic geometry principles - the sum of the lengths of the segments taken by Friends B and D exceeds those of Friends A and C. | Step 5: Consider real-world variables such as potential deviation from the ideal path, but acknowledge this doesn't change the fundamental comparison of distances. | Step 6: Conclude that despite potential real-world variances, mathematically, Friend B still has the longest route to cover. | Friend B must walk the fastest since his path involves covering the full diagonal of the square, which represents the maximum distance among the given options when accounting for both theoretical and practical considerations.",2
Spatial reasoning,An ant is located at one corner of a 10 x 10 x 10 cube. It needs to crawl to the diagonally opposite corner in the shortest possible path without crossing any of the cube's faces. What is the minimum surface distance the ant must travel?,10 units,14.14 units,20 units,28.28 units,Another answer,"Step 1: Visualize the cube as being unfolded into a net consisting of six squares. | Step 2: Identify that the ant's starting point and destination form an 'L' shape when viewed from above. | Step 3: Determine that the shortest path for the ant involves traversing three edges of the cube - two edges forming a straight line and one edge connecting these points without crossing any face. | Step 4: Use the Pythagorean theorem to calculate the length of the hypotenuse formed by the two 10-unit edges on the base of the cube. Here, we use a=b=10 units, so c^2 = 10^2 + 10^2 = 200. | Step 5: Take the square root of 200 to find the length of the hypotenuse, which is sqrt(200) or approximately 14.14 units. | The minimum surface distance the ant must travel is approximately 14.14 units.",2
Spatial reasoning,"A builder has a set of 5 differently shaped blocks: a cube, a sphere, a pyramid, a cylinder, and a cone. He places all of them in a row but notices that when viewed from the top, three particular shapes align perfectly such that their top surfaces form a straight line. Which three shapes are these and in what order do they appear in the row? Note that the cylinder's height is twice its diameter, the cone's height is equal to the diameter of its base, and the cube side length is equal to the diameter of the sphere.",Cylinder - Sphere - Pyramid,Sphere - Cube - Cylinder,Cylinder - Cube - Cone,Pyramid - Sphere - Cone,Another answer,"Step 1: Analyze the geometric properties of each shape. The cube has six square faces, the sphere has no flat faces, the pyramid has a square base and four triangular faces converging at a point, the cylinder has two circular bases connected by a curved surface, and the cone has a circular base and tapers to a point. | Step 2: Determine possible orientations for alignment. Horizontal alignment requires flat or circular surfaces facing each other. Vertical alignment allows for any shape to align along a common axis. | Step 3: Assess horizontal alignment possibilities. The cube and sphere can align horizontally due to their circular cross-sections when viewed from above. The cone can also align horizontally if placed with its circular base parallel to the cube and sphere. | Step 4: Consider vertical alignment. The cylinder, being symmetrical around its central axis, can align vertically with either the cube or the sphere. The pyramid cannot align vertically with the others due to its pointed tip. | Step 5: Combine horizontal and vertical alignment possibilities. Given the constraints, the cube, sphere, and cone can align horizontally, while the cylinder can align vertically with any of the other shapes. However, since the question specifies 'top surfaces forming a straight line,' we prioritize horizontal alignment. | Step 6: Eliminate incorrect combinations. Options involving the pyramid are eliminated due to its lack of suitable flat surfaces for horizontal alignment. The cylinder's unique position allows it to fit into the sequence without disrupting the linear arrangement. | Cube - Sphere - Cone",4
Spatial reasoning,"You have a 4x4x4 cube made up of 64 smaller 1x1x1 cubes. You paint the entire outer surface of the large cube. After it dries, you take apart the cube and notice that some of the smaller cubes have 0, 1, 2, or 3 painted faces. How many of the smaller cubes have exactly 2 painted faces?",8,12,16,24,Another answer,"{'final_answer_text': ""Each small cube on a corner of the bigger cube has 3 faces painted. Since there are 7 such cubes, all 8 corners must have been accounted for (but only 7 were found). The missing corner cube explains the fall didn't break off any cubes with 3 painted faces. Cubes on edges have 2 faces painted. There are 8 cubes with exactly 2 painted faces and all 12 edges must be present in the 23 cubes found. For 12 edges, we need 12 cubes, but 8 + 1 (the missing corner) = 9 means 3 edge cubes are missing. Finally, cubes on the faces, but not on edges, have 1 painted face. Each of the 6 sides of the cube has a 3x3 area, but the middle cube (1 per side) has no paint, and the 4 corner cubes are already counted, leaving 4 (per side) with 1 painted face. In total, 4*6=24 such cubes on the bigger cube. Now, the 23 cubes you have are minus 8 (with 2 faces painted), 7 (with 3 faces painted), and 3 missing edge cubes (also would have 2 painted faces). That accounts for 18, so 23-18=5 cubes left. These 5 must be the only ones with 1 painted face."", 'options': ['5', '4', '6', '7', 'Another answer'], 'correct_option_number': 4}",1
Operation of mechanisms,"In a factory, there are three machines A, B, and C that are programmed to finish a task in exactly 1, 2, and 3 hours respectively. However, each machine needs a 30-minute setup time initially which doesn't count towards the task completion time. If all machines are started at the same time, how long will it take for all three machines to finish the task?",1 hour and 30 minutes,2 hours and 30 minutes,3 hours and 30 minutes,4 hours,Another answer,"{'final_answer_text': 'Let x be the time needed to complete 5 tasks when all machines work together. In the time it takes for them to complete 5 tasks, machine A would complete 5x tasks, machine B would complete 10x/3 tasks, and machine C would complete 5x/2 tasks. Since all these amount to 5 tasks in total when working together, we get the equation: 5x + (10x/3) + (5x/2) = 5. Combining like terms gives us (10x + 10x/3 + 5x) = 15. This simplifies to (30x + 10x + 15x) / 6 = 15, which means 55x/6 = 15. Solving for x gives: x = (15*6)/55 = 90/55. Simplifying 90/55 gives 1.6363... hours, which is about 1 hour and 38 minutes.', 'options': ['1 hour 30 minutes', '1 hour 38 minutes', '2 hours', '2 hours 15 minutes', 'Another answer'], 'correct_option_number': 5}",5
Sequence solving,"In a unique sequence, each number is the sum of the 3 previous numbers. The sequence starts with 2, 2, and 4. What is the 6th number in the sequence?",22,26,24,28,Another answer,"Step 1: Start with the given sequence - 2, 2, 4. | Step 2: Calculate the fourth number by adding the first three numbers - 2 + 2 + 4 = 8. | Step 3: Calculate the fifth number by adding the second, third, and fourth numbers - 2 + 4 + 8 = 14. | Step 4: Calculate the sixth number by adding the third, fourth, and fifth numbers - 4 + 8 + 14 = 26. | 26",2
Spatial reasoning,"In a cube-cutting challenge, you have a solid cube made of wood. In each move, you can make a straight cut through the cube. After the first cut, you now have two pieces. You make a second cut through both pieces, and now have four pieces. You make a third cut through all four pieces, and have some number of pieces now. Without rearranging any pieces between cuts, what is the maximum number of pieces you could have after the third cut?",7 pieces,8 pieces,9 pieces,10 pieces,Another answer,"Step 1: Understand that initially there is one piece - the whole cube. | Step 2: Recognize that after the first cut, the cube is divided into two pieces. | Step 3: Realize that after the second cut, each of these two pieces can be cut again independently, resulting in a total of 2*2 = 4 pieces. | Step 4: For the third cut, imagine cutting each of the four existing pieces once more. Each cut can potentially double the number of pieces if it intersects previously unconnected parts. | Step 5: To maximize the number of pieces, each new cut should intersect none of the previous cuts. Therefore, each of the four pieces can be cut into two separate pieces by the third cut. | Step 6: Calculate the maximum number of pieces by doubling the current number of pieces from the second cut. | 8 pieces",2
Logical traps,"In a special logic class, the teacher announces a surprise test will happen during the next week (Monday to Friday). However, the teacher also gives a hint: the test cannot be on Friday, since if it weren't given by Thursday, students would know for sure it was on Friday, and thus it would not be a surprise. After some thought, one clever student argues that following this logic, the test can't be on Thursday either, because come Wednesday night, without a test, Thursday would be the only remaining option, ceasing to be a surprise. Continuing this deduction, she concludes the test can't be on Wednesday... Tuesday... or even Monday! However, to the students' shock, the test was indeed given during the next week and it still was a surprise. How could this be, and when was the test given?",The test was given on Monday and the student's logic was flawed.,"The test could not be a surprise on any day according to the logic provided by the student; therefore, no test was given.","The test was given on Wednesday, making it a surprise since the student thought a test could not happen on any day.",The test was given on Friday because everyone mistakenly discarded it as an option earlier.,Another answer,"The test was given on Monday and the student's logic was flawed. | The student's argument creates a paradox known as the 'surprise test paradox.' By assuming that each subsequent day eliminates the possibility of a surprise test, the student erroneously concludes that no test could occur at all. This contradicts the initial statement made by the teacher about having a surprise test within the week. Since the test did take place and remained a surprise, it must have occurred on Monday before anyone applied the flawed logic.",1
Spatial reasoning,"Imagine you have a solid wooden cube that measures 3 units on each side. This cube is painted blue on all sides. After the paint dries, you slice this cube into 1-unit cubes. How many of the smaller 1-unit cubes will have exactly two sides painted blue?",8,12,0,24,Another answer,"{'final_answer_text': 'The only smaller cubes that will have exactly two painted sides are the cubes from the edges of the original cube, not including the corners, since corner pieces will have three painted sides. Since a cube has 12 edges and each edge will give rise to one such small cube after the cut, there will be 12 smaller cubes with exactly two painted sides.', 'options': ['8', '12', '6', '24', 'Another answer'], 'correct_option_number': 2}",2
Optimization of actions and planning,"You are planning a small party and you have three types of beverages to choose from: juice, soda, and water. Based on your guests' preferences, you know the following: - 60% prefer juice, 20% prefer soda, and 20% prefer water. - You have a budget that allows you to buy a total of 100 drinks. - One unit of juice costs $1, soda costs $0.80, and water costs $0.50. - You want to satisfy the preferences of at least 90% of your guests. How many units of each beverage should you buy to meet the preferences and stay within the budget, assuming each guest will have one drink?","74 units of juice, 13 units of soda, 13 units of water","60 units of juice, 20 units of soda, 20 units of water","70 units of juice, 15 units of soda, 15 units of water","65 units of juice, 17 units of soda, 18 units of water",Another answer,"60 units of juice, 20 units of soda, 20 units of water | To satisfy the preferences of at least 90% of the guests, we allocate 60% of the drinks to juice, 20% to soda, and 20% to water. This allocation respects both the guests' preferences and the budget constraint. With these allocations, we get 60 units of juice ($60), 20 units of soda ($16), and 20 units of water ($10), summing up to $86. This leaves room within the budget for potential additional purchases or savings.",2
Spatial reasoning,"A cube has edges of length 2 cm. If the largest possible cylinder is carved out of this cube, what will be the total surface area of the remaining part of the cube?",6.28 cm²,11.43 cm²,18.85 cm²,24 cm²,Another answer,"Step 1: Identify the dimensions of the largest possible cylinder within the cube. The diameter of the cylinder equals the side length of the cube, which is 2 cm. This gives us a radius (r) of 1 cm. | Step 2: Recognize that the height (h) of the cylinder is also equal to the side length of the cube, which is 2 cm. | Step 3: Calculate the lateral surface area of the cylinder using the formula 2πrh. With our values for r and h, this becomes 2π(1)(2) = 4π cm². However, remember that the top and bottom circular faces of the cylinder are removed when it is carved out of the cube. | Step 4: Understand that the removal of the top and bottom circular faces does not affect the lateral surface area previously calculated. The lateral surface area remains at 4π cm². | Step 5: Realize that the total surface area of the remaining part of the cube includes the lateral surface area of the cylinder plus the three untouched faces of the cube. The area of each untouched face is 2 cm x 2 cm = 4 cm². Since there are three such faces, their combined area is 3 x 4 cm² = 12 cm². | Step 6: Combine the lateral surface area of the cylinder with the area of the three untouched faces to determine the total surface area of the remaining part of the cube: 4π cm² + 12 cm². | The total surface area of the remaining part of the cube is 4π + 12 cm². Using the approximation π ≈ 3.14, we get 4 * 3.14 + 12 = 12.56 + 12 = 24.56 cm². Rounding to two decimal places, the final answer is approximately 24.56 cm², which is closest to option (4) 24 cm² given the choices provided.",3
Sequence solving,"Consider the sequence where each number indicates the position that the digit 2 appears for the first time in that number (for example, '10' is in position 1 because it contains the digit 2 for the first time as the sequence starts). What is the 5th number in this sequence?",20,22,23,32,Another answer,"Step 1: Understand the sequence definition - Each number in the sequence represents the position where the digit '2' appears for the first time. | Step 2: Examine the given options against the sequence definition. | Step 3: Option (1) '20' - Here, '2' appears for the first time at position 1. | Step 4: Option (3) '23' - Similarly, here '2' appears for the first time at position 1. | Step 5: Recognize that both options (1) and (3) meet the sequence definition. | Step 6: Acknowledge that multiple valid answers exist according to the rules of the sequence. | Both (1) and (3)",1
Spatial reasoning,"A sculptor is creating a unique set of sculptures by stacking cubes of the same size. He wants to create a series of sculptures where each new sculpture includes all the cubes from the previous sculpture plus three new cubes. The first sculpture is a single cube. The second sculpture is the first sculpture plus three new cubes arranged so that they form an L-shape when viewed from above. If the sculptor continues this pattern, how many cubes will he require for the fifth sculpture?",10 cubes,13 cubes,16 cubes,19 cubes,Another answer,"Step 1: Determine the number of cubes added in each subsequent sculpture. According to the pattern, each new sculpture adds three more cubes than the previous one. | Step 2: Calculate the number of cubes in each sculpture starting from the first. The first sculpture has 1 cube. The second sculpture has 1 (from the first sculpture) + 3 (new cubes) = 4 cubes. The third sculpture has 4 (from the second sculpture) + 3 (new cubes) = 7 cubes. Continue this pattern to determine the number of cubes in the fourth and fifth sculptures. | Step 3: Apply the pattern to calculate the number of cubes in the fifth sculpture. The fourth sculpture has 7 (from the third sculpture) + 3 (new cubes) = 10 cubes. Therefore, the fifth sculpture will have 10 (from the fourth sculpture) + 3 (new cubes) = 13 cubes. | 13 cubes",2
Spatial reasoning,"Imagine a cube that is formed by 27 smaller identical cubes, making it a 3x3x3 cube. If you remove the smaller cube at each of the eight corners, how many of the original 27 smaller cubes will have at least one face exposed?",27,19,26,8,Another answer,"{'final_answer_text': 'Initially, there are 27 small cubes in a 3x3x3 configuration. There are 8 corners on a cube, and removing the corner cubes will eliminate these 8 smaller cubes. Thus, 27 initial cubes minus 8 corner cubes will leave you with 19 cubes.', 'options': ['19', '18', '20', '21', 'Another answer'], 'correct_option_number': 1}",2
Sequence solving,"You are presented with a sequence of numbers: 3, 4, 6, 9, 13, ... What is the next number in the sequence?",18,20,22,There is no correct answer based on the provided pattern,Another answer,Step 1: Identify the differences between consecutive numbers in the sequence. | Step 2: Analyze the pattern of differences to determine if there's a consistent rule being applied. | Step 3: Apply the identified rule to find the difference for the next term. | Step 4: Add the calculated difference to the last known term in the sequence. | 22,3
Optimization of actions and planning,"You are the operations manager at a factory producing widgets. You have three machines that can operate independently and simultaneously. Each machine can produce a widget in the following times: Machine A takes 1 minute per widget, Machine B takes 2 minutes per widget, and Machine C takes 3 minutes per widget. However, each machine requires a setup time when you start a production batch: Machine A requires 3 minutes, Machine B requires 4 minutes, and Machine C requires 5 minutes. Once a machine is set up, it can continue to produce widgets without any additional setup time for the rest of the operating day, which is 8 hours. What is the maximum number of widgets you can produce in an 8-hour day, and which machines should you use?","858 widgets using Machines A, B, and C",726 widgets using Machines B and C only,936 widgets using Machine A only,802 widgets using Machines A and B only,Another answer,"{'final_answer_text': 'Start Machine A and continuously process material for three widgets, which takes 15 minutes total after the 1-minute startup. Start Machine B after the first widget material is ready from Machine A. Since Machine B takes 2 minutes to start up, it will be ready just as Machine A finishes the first widget, thus effectively overlapping the startup time. Process three batches in Machine B which will take 9 minutes. Machine C should start after the first intermediate product is available from Machine B. Similar to Machine B, overlap the startup time of Machine C with the processing time of the last material in Machine B. Finally, Machine C processes all three widgets in 12 minutes. The minimum production time is the longest sequence: Machine A (1+15) plus continuous feed to Machine B and finally Machine C (1+12), leading to a total time of 1+15+12=28 minutes.', 'options': ['31 minutes', '28 minutes', '34 minutes', '25 minutes', 'Another answer'], 'correct_option_number': 5}",5
Spatial reasoning,"In a mystical land, there are three temples, each on top of a hill. The paths to the temples are such that there’s always a distinct shortest path from any temple to another. One fine morning, an initiate sets off to visit all the temples to pay homage. He observes the following: 1) The path from the first temple to the second is 4 kilometers long. 2) The path from the second temple to the third is 3 kilometers long. 3) The uphill path from the first to the third temple is 5 kilometers long. After paying homage at the third temple, he descends back to the first temple, taking the shortest path. How long is his entire journey?",9 km,12 km,7 km,10 km,Another answer,"Step 1: Note the given distances - First temple to Second temple (4 km), Second temple to Third temple (3 km), Uphill path from First to Third temple (5 km). | Step 2: Apply the triangle inequality theorem to understand potential shortest paths. | Step 3: Analyze possible routes using the triangle inequality theorem. For instance, the direct path from the First to the Third temple via the Second temple should be less than the sum of the other two segments (4 km + 3 km = 7 km < 5 km). This indicates an error as the direct path cannot be shorter than the combined segment. | Step 4: Correct the understanding by considering the most efficient route. Since the uphill path is already provided as 5 km, this likely represents the direct path from the First to the Third temple. | Step 5: Determine the shortest return path. Given the uphill path is the direct route, the shortest return path must also be direct, avoiding unnecessary detours. | Step 6: Calculate the total distance by adding the uphill path (5 km) to itself for the return trip, resulting in 10 km. | The total distance for the round trip is 10 kilometers.",3
Logical traps,"Alice, Bob, and Carol are discussing two different numbers. Alice says 'The number I am thinking of is greater than 4.' Bob says 'The number I am thinking of is not the highest.' Carol says 'The number I am thinking of is not the lowest.' All three are thinking of different numbers between 1 and 6, inclusive. If exactly one of them is telling the truth, what number is Carol thinking of?",3,4,5,6,Another answer,"Step 1: List all possible combinations of numbers (1, 2, 3, 4, 5, 6) for Alice, Bob, and Carol. | Step 2: Evaluate each combination against Alice's condition ('The number I am thinking of is greater than 4'). Any combination where Alice thinks of 1, 2, 3, or 4 is invalid. | Step 3: From the remaining combinations, evaluate against Bob's condition ('The number I am thinking of is not the highest'). Any combination where Bob thinks of 6 is invalid. | Step 4: Finally, evaluate against Carol's condition ('The number I am thinking of is not the lowest'). Any combination where Carol thinks of 1 is invalid. | Step 5: After applying all conditions, identify the valid combinations where only one person's statement is true. | Carol is thinking of the number 5.",5
Classic riddles,"Two fathers and two sons went fishing. Each of them caught one fish, so they brought home three fishes in total. How is that possible?",They threw back the smallest fish.,One fish got away.,"There were only three men: a grandfather, his son, and his grandson.",One man caught two fish.,Another answer,"Step 1: Understand the given information - there are two fathers and two sons who all went fishing. | Step 2: Analyze the number of people involved based on relationships - if we consider the typical family structure, this could imply three individuals at most. | Step 3: Consider different combinations of familial relationships - the phrase 'two fathers and two sons' suggests that there might not necessarily be three distinct individuals. | Step 4: Identify a scenario where these conditions can be met - the logical interpretation would be that there is a grandfather, his son (who is also a father), and his grandson. | Step 5: Confirm that this arrangement fits the description - the grandfather is one person, his son is another, and his grandson is the third. This accounts for two fathers (the grandfather and his son) and two sons (the son and the grandson). | There were only three men: a grandfather, his son, and his grandson.",3
Optimization of actions and planning,"In an online strategy game, you're tasked with building a new base. You start with 100 resources. The following buildings can be built: Barracks cost 30 resources, grants the ability to train soldiers. Supply Depot costs 20 resources, increases your resource capacity by 40. Command Center costs 50 resources, increases resource production by 10 per minute. You also passively gain 10 resources per minute. You cannot exceed your resource capacity, which starts at 100. The goal is to have a Command Center and the ability to train soldiers as quickly as possible. What order should you build your buildings in to achieve this the fastest?","Build the Command Center, then the Barracks, then the Supply Depot.","Build the Barracks, the Command Center, and then the Supply Depot.","Build the Supply Depot, Barracks, then the Command Center.","Build the Command Center, then the Supply Depot, then Barracks.",Another answer,"Step 1: Analyze the current strategic situation - If there are any immediate threats or opportunities that require soldiers, consider building them first. | Step 2: Recalculate the timeline for building structures taking into account the potential need for soldiers. Prioritize the Barracks if necessary. | Step 3: Reassess the impact of delayed resource production from the Command Center on overall strategy. Balance between resource capacity and military readiness. | Step 4: Introduce flexibility in the plan to accommodate unforeseen challenges or changes in the game environment. | Step 5: Finalize the sequence of building structures while ensuring the balance between rapid expansion of forces and resource management. | Build the Barracks first to ensure immediate soldier availability, especially if facing imminent threats. Then proceed with the Supply Depot to enhance resource capacity, allowing for faster subsequent construction of the Command Center. This approach provides a balance between defensive capabilities and economic growth, adaptable to changing conditions within the game.",1
Spatial reasoning,"You are in a room with no windows and only one door. The room is filled with mirrors on all walls. In the middle of the room stands a statue. You have a laser pointer that can bounce off the mirrors. If you point the laser directly at any wall, the beam will reflect back at you. If you point it at a certain angle, it reflects off the walls indefinitely. Your task is to point the laser in such a way that the beam will hit all four walls and then hit the statue last. How do you position the laser beam?",Aim directly at the statue,Position at a 45-degree angle to a corner of the room,Aim at the ceiling,Target the floor in the center of the room,Another answer,"Step 1: Measure the length and width of the room to establish the scale for calculations. | Step 2: Calculate the distance from the center of the room to each wall using Pythagorean theorem, considering the room as a right-angled triangle with half the room's length and width as legs. | Step 3: Determine the angle of incidence required for the laser to reflect off the nearest wall and head towards the next wall, using basic trigonometry (angle = arctan(opposite/adjacent)). | Step 4: Apply similar calculations iteratively for each subsequent wall, taking into account the change in direction after each reflection. | Step 5: Adjust the calculated angles slightly to compensate for potential minor discrepancies caused by real-world factors like mirror surface irregularities or air currents. | Step 6: Test the calculated path by simulating the laser movement or conducting a trial run, making incremental adjustments until the desired outcome is achieved. | Position the laser at a calculated angle derived from step 3, which takes into account the distances to each wall and uses trigonometric functions to find the correct trajectory. After hitting the first wall, continue along the calculated path, adjusting for practical considerations identified in steps 4 and 5, until the beam reaches the statue following contact with all four walls.",3
Optimization of actions and planning,"Alice has to prepare 3 different types of cookies for an event. The chocolate chip cookies take 15 minutes to prepare and 10 minutes to bake. The sugar cookies take 10 minutes to prepare and 15 minutes to bake. The oatmeal raisin cookies take 12 minutes to prepare and 12 minutes to bake. She has only one oven, which can bake one type of cookies at a time. What is the shortest time in which Alice can prepare and bake all 3 types of cookies?",52 minutes,60 minutes,57 minutes,45 minutes,Another answer,"Step 1: Calculate the total time needed for each type of cookie including both preparation and baking. | Chocolate chip cookies: 15 (prep) + 10 (bake) = 25 minutes | Sugar cookies: 10 (prep) + 15 (bake) = 25 minutes | Oatmeal raisin cookies: 12 (prep) + 12 (bake) = 24 minutes | Step 2: Determine the optimal sequence to minimize downtime. Begin with the cookie type that has the shortest total time. | Start with oatmeal raisin cookies since they require 24 minutes. | While oatmeal raisin cookies are baking (12 minutes), prepare chocolate chip cookies (15 minutes). Since the oatmeal raisin cookies take less time, we don't wait for them to finish but instead move directly to the next step. | After oatmeal raisin cookies are done, immediately start preparing sugar cookies (10 minutes). | Once chocolate chip cookies are prepared during the oatmeal raisin baking time, place them in the oven right away. They will then bake concurrently with the sugar cookies. | The shortest time in which Alice can prepare and bake all 3 types of cookies is 37 minutes.",3
Operation of mechanisms,"Four friends are exploring an ancient temple with a complicated door mechanism. The door has four levers, and each lever can be in one of three positions: up, middle, or down. To open the door, the levers have to be in a specific configuration. They found a clue that reads: 'The first lever stands alone in its position. The second and third levers are not in the middle together. The fourth lever is in the opposite position of the second lever. One lever is up, one is in the middle, one is down, and one is lying about its position.' Which lever is lying based on its position in the clue, and what is the correct configuration to open the door?","Lever 1: Up, Lever 2: Middle, Lever 3: Down, Lever 4: Up","Lever 1: Middle, Lever 2: Down, Lever 3: Up, Lever 4: Up","Lever 1: Down, Lever 2: Up, Lever 3: Middle, Lever 4: Down","Lever 1: Up, Lever 2: Up, Lever 3: Middle, Lever 4: Down",Another answer,"Step 1: List all possible combinations of lever positions given that each lever can be in one of three positions: up, middle, or down. | Step 2: Apply the constraint that one lever stands alone in its position, eliminating combinations where more than one lever shares the same position. | Step 3: Remove combinations where the second and third levers are in the middle together, following the clue provided. | Step 4: Identify combinations where the fourth lever is in the opposite position of the second lever, ensuring consistency with the clue. | Lever 1: Middle, Lever 2: Down, Lever 3: Down, Lever 4: Up",1
Sequence solving,"You are given a sequence of numbers: 2, 6, 18, 54. What would be the next number in the sequence if the pattern continues?",81,108,162,243,Another answer,"Step 1: Identify the pattern in the sequence by comparing consecutive terms. | Step 2: Observe that each term is three times the previous one (e.g., 6/2=3, 18/6=3, 54/18=3). This suggests a geometric progression with a common ratio of 3. | Step 3: To find the next term, multiply the last term by the common ratio (54*3=162). | Step 4: Confirm that this fits the established pattern without introducing any additional operations. | 162",3
Spatial reasoning,"There is a cube with edges of length 4 units. It is fully painted on all sides and then divided into smaller cubes of 1 unit edge each. Without any of the cubes being removed, a single straight cut is made through the cube. What is the maximum number of smaller cubes that can have paint on exactly one side now visble as a result of this cut?",16,18,24,20,Another answer,"{'final_answer_text': 'The smaller cubes that have exactly two sides painted are the cubes that are on the edges of the original cube, but not on its corners. Each edge of the original cube will have 2 such smaller cubes after the cut (since the corner ones are excluded) and since the cube has 12 edges, we will have 2 * 12 = 24 small cubes with exactly two sides painted.', 'options': ['8', '16', '24', '32', 'Another answer'], 'correct_option_number': 3}",3
Sequence solving,"Fill in the blank: 1, 4, 9, 16, 25, __. Find the next number in the sequence.",31,36,42,49,Another answer,"{'final_answer_text': 'The given sequence is a list of consecutive perfect squares starting from 2: 2^2 = 4, 3^2 = 9, 4^2 = 16, 5^2 = 25, 6^2 = 36. The next number would be the square of the next consecutive integer, which is 7. Therefore, 7^2 = 49.', 'options': ['45', '49', '64', '56', 'Another answer'], 'correct_option_number': 2}",4
Spatial reasoning,"You are in a room with 4 doors, each facing the cardinal directions: North, East, South, and West. Each door leads to a room that looks identical to the first, with its own 4 doors also facing the cardinal directions. You start by facing North and walk into the North door. In the second room, you face East and walk through the East door. In the third room, you face South and walk through the South door. Finally, in the fourth room, you turn to face West and walk through the West door. In which direction are you facing now in the fifth room?",North,East,South,West,Another answer,"{'final_answer_text': ""To solve this spatial reasoning puzzle, you must visualize the sequence of rooms and determine the correct path to the green room from the red room. Since the red room's right door leads to the blue room, and from there you could move forward to the yellow room. To get to the green room from the yellow room, you cannot go forward or right, as these would lead you to the blue or red rooms respectively. Therefore, you must turn left from the yellow room. The sequence is: From the red room, go right to the blue room, go forward to the yellow room, and then turn left to the green room."", 'options': ['Right, Forward, Left', 'Right, Left, Forward', 'Forward, Left, Right', 'Left, Right, Forward', 'Another answer'], 'correct_option_number': 5}",5
Lateral thinking,A man is found dead in a field holding a piece of straw. There's nothing else around him except for the straw and the clothes he has on. How did he die?,He was hit by a stray bullet.,He picked the short straw to save his friends in a hot air balloon.,He died of a rare disease found only in straw.,He was a scarecrow that fell apart.,Another answer,"He picked the short straw to save his friends in a hot air balloon. | Considering lateral thinking and excluding common causes of death such as bullets or diseases, the presence of the straw suggests a scenario where it played a crucial role. The most plausible explanation involves a life-threatening situation requiring quick decision-making, similar to drawing straws to decide who sacrifices themselves. This aligns with the provided choice about picking the short straw during an emergency in a hot-air balloon.",2
Operation of mechanisms,"In a factory, there are three machines A, B, and C that are used to create widgets. Machine A creates a widget every 3 minutes, Machine B every 7 minutes, and Machine C every 11 minutes. If all machines are turned on at the same time, how many minutes will pass before all three machines dispense a widget at the same minute for the first time?",77 minutes,231 minutes,21 minutes,143 minutes,Another answer,"Step 1: Determine the least common multiple (LCM) of the times taken by each machine to create a widget. The LCM will give us the smallest amount of time after which all three machines will simultaneously create a widget. | Step 2: Calculate the LCM of 3, 7, and 11. The prime factors of these numbers are 3, 7, and 11 respectively. Since these numbers are already prime, their LCM is simply their product: 3 * 7 * 11 = 231. | Step 3: Confirm that 231 minutes is indeed the first time all three machines will create a widget simultaneously. | 231 minutes",2
Operation of mechanisms,"You are an engineer tasked with designing a gear system consisting of three gears that will fit in a sequential lineup within a machine. Each gear is required to have a unique number of teeth and must mesh with its neighboring gear(s). Gear A has 28 teeth and must connect with Gear B. Gear B must connect with both Gear A and Gear C. If the total number of teeth across all three gears shouldn't exceed 100 and the gears must have an integer number of teeth, what is the number of teeth on Gear B and Gear C?","Gear B: 29, Gear C: 43","Gear B: 30, Gear C: 42","Gear B: 35, Gear C: 37","Gear B: 32, Gear C: 40",Another answer,"Step 1: Determine the maximum number of teeth Gear C can have without exceeding the total limit of 100 teeth. Given Gear A has 28 teeth, this leaves us with 100 - 28 = 72 teeth available for Gears B and C. | Step 2: Establish the minimum teeth count for Gear B, which must be more than 28 but also allow for a unique count for Gear C. Let's start by assuming Gear B has just over 28 teeth, say 29. | Step 3: Calculate the remaining teeth for Gear C after accounting for Gear B's teeth. With Gear B having 29 teeth, there would be 72 - 29 = 43 teeth left for Gear C. | Step 4: Verify that Gear B and Gear C have different numbers of teeth as per the requirement. Here, Gear B has 29 teeth and Gear C has 43 teeth, which satisfies the condition of having unique teeth counts. | Step 5: Check if the gear ratios between adjacent gears are appropriate for smooth operation. Assuming standard gear ratios, Gear A to Gear B would have a ratio of approximately 28:29, and Gear B to Gear C would have a ratio of approximately 29:43. These ratios suggest that the gears could mesh properly. | Step 6: Validate that the total number of teeth remains under the limit of 100. Adding up the teeth of Gear A (28), Gear B (29), and Gear C (43) gives us a total of 99 teeth, which is below the threshold. | (2) Gear B: 30, Gear C: 42",2
Optimization of actions and planning,"You have 12 boxes that look identical and contain identical items, but one box is filled with defective items weighing slightly less than the others. Your task is to determine which box contains the defective items. You have at your disposal a balance scale, which allows you to compare the weight of two sets of boxes against each other. You can only use the scale three times. How would you identify the box with defective items?",Always start by weighing six boxes against the other six.,Always split the group in half and use one weighing for each split.,"Split the boxes into three groups and use one weighing to identify which group contains the defective box, then subdivide that group.",Weigh each box individually against a known good box.,Another answer,"Split the boxes into three groups and use one weighing to identify which group contains the defective box, then subdivide that group. | Firstly, divide the 12 boxes into three groups of four. For the first weighing, compare two of these groups. The lighter group indicates the presence of the defective box. In the second weighing, take this group of four and divide it into two pairs. Weigh one pair against the other. The lighter pair will indicate whether the defective box is among those two. Finally, for the third weighing, weigh one box from the lighter pair against a known good box to find the defective one.",3
Lateral thinking,"Alice, Bob, and Charlie are trapped on an island with a bridge that can only hold two people at a time. They have one flashlight and, because it's nighttime, the flashlight must be used when crossing the bridge. Alice can cross the bridge in 1 minute, Bob in 2 minutes, and Charlie in 5 minutes. When two people cross together, they must move at the slower person's pace. What is the shortest time in which all three can get across the bridge?",8 minutes,10 minutes,12 minutes,15 minutes,Another answer,"Step 1: Alice and Bob cross together, taking 2 minutes (Bob's pace). Total time: 2 minutes. | Step 2: Alice returns with the flashlight, taking 1 minute. Total time: 3 minutes. | Step 3: Alice and Charlie cross together, taking 5 minutes (Charlie's pace). Total time: 8 minutes. | Step 4: Bob returns with the flashlight, taking 2 minutes. Total time: 10 minutes. | 10 minutes",2
Operation of mechanisms,"Alice, Bob, and Charlie are three engineers designing a cog-based mechanism for a clock. The mechanism includes three cogs that have to engage with each other without slipping. Cog A has 36 teeth, Cog B has 48 teeth, and Cog C has 60 teeth. If they design the mechanism for Cog A to make 10 full rotations, how many complete rotations will Cog C make in the same time, assuming there is no slippage and they rotate at a constant rate?",4,6,8,10,Another answer,"Step 1: Determine the gear ratio between Cog A and Cog C by dividing the number of teeth on Cog C by the number of teeth on Cog A. | Step 2: Calculate this ratio as 60 teeth / 36 teeth = 5/3 or approximately 1.67. | Step 3: Multiply the number of rotations made by Cog A by the gear ratio to find out how many rotations Cog C makes. | Step 4: Perform the calculation using the given information: 10 rotations * 5/3 = 50/3. | Approximately 16.67 rotations, which when rounded to the nearest whole number gives us 17 rotations.",2
Classic riddles,"I have keys but no locks. I have space but no room. You can enter, but you can't go outside. What am I?",A house,A keyboard,A car,A map,Another answer,"Step 1: Analyze the clues given - 'I have keys but no locks.' This suggests something related to keys but doesn't function as a lock. | Step 2: Consider the next clue - 'I have space but no room.' This implies a conceptual space rather than a physical one. | Step 3: Reflect on the third clue - 'You can enter, but you can't go outside.' This indicates interaction with the subject but limits movement. | A keyboard",2
Optimization of actions and planning,"Alice, Bob, and Charlie are three friends who decide to paint a room together. They find that Alice can paint the room completely by herself in 5 hours, Bob can do it in 6 hours, and Charlie in 8 hours. They start painting together at the same pace they normally would by themselves, but after 2 hours, Charlie has to leave. How much time, in hours, will it take for Alice and Bob to finish painting the room after Charlie leaves?",3 hours,2.5 hours,2 hours and 30 minutes,2 hours and 45 minutes,Another answer,"{'final_answer_text': ""Since the rates of work for Alice, Bob, and Charlie are 1/5, 1/6, and 1/7 of the house per hour respectively, when combined and optimized, they can complete 1/5 + 1/6 + 1/7 = 38/210 = 19/105 of the house per hour. To find the total time, they will need to paint the house, calculate the reciprocal of their combined rate, which is 105/19 hours, roughly 5.53 hours. However, since they cannot work at exactly the same time for optimization reasons, the first person to finish their part would be Alice, after which the remaining part which would take Alice 5 hours to finish will take Bob and Charlie less time since they are slower. Subtracting Alice's work rate from the combined rate gives (19/105 - 1/5) = (19 - 21) / 105 = -2/105, which is not applicable because the remaining work cannot be negative. Thus, the answer must be found by simulating the process. Alice paints for the first hour completing 1/5 of the house. Then, Bob and Charlie paint together for 1 hour, completing 1/6 + 1/7 = 13/42 of the house. One-fifth plus thirteen forty-seconds is 29/42, which means there's 13/42 left. Now, Alice cannot help because she would finish the 13/42 alone in less than an hour, so we can have Bob and Charlie finish the job. It takes them (13/42) / (1/6 + 1/7) hours to finish the remaining part (13/42) / (13/42) = 1 hour. Thus, the minimum time is 3 hours."", 'options': ['3 hours', '5.53 hours', '6 hours', '4.5 hours', 'Another answer'], 'correct_option_number': 5}",5
Optimization of actions and planning,"In a tiny village, the baker, the butcher, and the candlestick maker are the only three shops that deliver their goods. They use a shared delivery boy who can carry only one type of goods per trip. Every morning, each shop sends out one type of good: bread, meat, or candles. The delivery boy is paid per trip, so he wants to minimize the number of trips while still delivering every good once. Unfortunately, the baker and the butcher's goods spoil after 3 trips, while the candles are fine no matter how many trips are made. Given that he delivers goods in the pattern B-B-C-M (Baker, Butcher, Candlestick maker, then Meat from the Butcher again), how should he plan his delivery route to minimize his trips and not spoil any goods?",B-M-B-C,M-B-M-C,B-M-C,B-C-M,Another answer,"Step 1: Identify the spoilage constraint - Bread and meat spoil after 3 trips. | Step 2: Recognize the requirement for equal distribution of trips among bread, meat, and candles due to limited capacity. | Step 3: Determine the minimum number of trips required for bread and meat without causing spoilage - 3 trips each. | Step 4: Allocate the remaining trip(s) to candles, ensuring no spoilage occurs. | Step 5: Formulate a delivery pattern that adheres to the spoilage constraint and distributes trips evenly. | The optimized delivery route should be B-M-B-C-C, where the delivery boy makes three trips carrying bread and meat respectively, and finishes with two trips carrying candles.",1
Sequence solving,"Consider the following sequence: 2, 6, 12, 20, _. What number should replace the underscore to continue the sequence correctly?",28,30,32,34,Another answer,"Step 1: Calculate the differences between consecutive terms in the sequence: 6-2=4, 12-6=6, 20-12=8, 30-20=10. | Step 2: Observe the pattern in the differences: they increase by 2 each time (4, 6, 8, 10). This suggests that the differences themselves form an arithmetic sequence where each term increases by 2 from the previous one. | Step 3: Predict the next difference using the established pattern. Since the last difference was 10, the next difference will be 10+2=12. | Step 4: Add the predicted difference to the last known term in the original sequence to find the next term. Thus, 30+12=42. | 42",2
Operation of mechanisms,"You are presented with three machines. Each machine has two input slots and one output slot. The first machine multiplies any two numbers put into its input slots. The second machine adds together any two numbers put into its input slots. The third machine applies a modulus operation of the first input number by the second input number. You have an initial set of cards with numbers [3, 7, 11], and you can use each card only once in any of the machines. Your task is to find a sequence of operations using the machines that will result in an output of 2.","Use the first machine to multiply 3 by 7, then add 11 using the second machine, and apply modulus by 3 using the third machine.","Use the second machine to add 3 to 7, then apply modulus by 11 using the third machine, and multiply by 3 using the first machine.","Use the second machine to add 3 and 7, use the third machine to modulus 11 by 10, and then multiply by 3 and modulus by 7 using the first and third machines respectively.","Multiply 11 by 7 using the first machine, then add 3 using the second machine, and modulus by 11 using the third machine.",Another answer,"Step 1: Understand the operations of each machine. | Step 2: Explore all possible permutations of using the numbers [3, 7, 11] across the three machines. | Step 3: Identify patterns or mathematical properties that might help achieve the desired outcome of 2. | Step 4: Test each permutation against the goal of reaching an output of 2. | Step 5: Eliminate permutations that do not meet the criteria. | None of the permutations of the given numbers through the specified operations will result in an output of 2. However, we can consider alternative approaches such as introducing additional steps or utilizing other mathematical functions that may allow us to manipulate the numbers differently.",2
Operation of mechanisms,"In a factory, there are three conveyor belts with sensors at their start and end points. Belt A takes 5 minutes to move items from start to end, Belt B takes 3 minutes, and Belt C takes 7 minutes. The factory is designed such that no belt starts moving until the previous belt has deposited an item to it. If Belt A starts with an item, how many minutes in total will pass before the item is deposited at the end of Belt C?",10 minutes,12 minutes,15 minutes,20 minutes,Another answer,"Step 1: Identify the time taken by each conveyor belt to move an item from start to end. | Belt A takes 5 minutes, Belt B takes 3 minutes, and Belt C takes 7 minutes. | Step 2: Calculate the total time required for an item to travel through all three belts sequentially. | Add the times together: 5 minutes (Belt A) + 3 minutes (Belt B) + 7 minutes (Belt C) = 15 minutes. | 15 minutes",3
Optimization of actions and planning,"You have 12 hours to prepare an important report. The report will take 10 hours to write. However, after every 2 hours of work, you need a break that lasts exactly 30 minutes to stay productive. If you start working at 8 am, what is the latest time you can take your first break and still complete the report on time?",09:00,10:00,11:00,12:00,Another answer,"Step 1: Determine the number of 2-hour work periods within the 10-hour writing timeframe, which results in five periods. | Step 2: Recognize that breaks are needed after each work period except the last one, leading to four breaks in total. | Step 3: Estimate the duration of breaks, keeping them consistent at 30 minutes each. This totals 4 * 0.5 = 2 hours of break time. | Step 4: Account for the possibility of slight variations in actual break durations or unexpected extensions in writing time due to complexities encountered while drafting. | Step 5: Introduce a buffer time of approximately 15 minutes per work period to allow flexibility for unforeseen circumstances. | Step 6: Adjust the timing of breaks accordingly, ensuring they do not coincide with critical sections of the report where concentration is paramount. | Step 7: Start calculating the earliest possible finish time by adding the adjusted work periods and buffer times to the start time of 8 am. | The latest time you can take your first break and still complete the report on time, factoring in buffer time and avoiding disruptive breaks, is around 10:45 am.",1
Operation of mechanisms,"Jake is trying to fix an old clock. The clock is designed with three gears that interlock. Gear A has 8 teeth and rotates clockwise. Gear B has 10 teeth and interlocks with Gear A, which means it rotates counter-clockwise. Gear C has 6 teeth and interlocks with Gear B. If Jake starts turning Gear A, after how many full rotations of Gear A will all gears return to their original starting positions?",5 rotations,4 rotations,10 rotations,12 rotations,Another answer,"{'final_answer_text': ""In 6 hours, gear A will have completed 6 rotations. Since gear B has 8 teeth and is meshed with gear A's 12 teeth, each rotation of gear A will cause gear B to rotate 1.5 times. Therefore, in 6 hours gear B will have completed 6 * 1.5 = 9 rotations. Given that gear B rotates counter-clockwise and has 8 teeth, a total of 9 * 8 = 72 teeth will pass the 12 o'clock position marker on gear B after 6 hours."", 'options': ['32', '54', '72', '96', 'Another answer'], 'correct_option_number': 5}",5
Spatial reasoning,You have been given a challenge to fit a number of 1x1x1 cubes into a larger cube container without any overlap or empty space. The larger cube container has a side length of 4 units. What is the minimum number of 1x1x1 cubes needed to fit entirely within the larger cube without any empty space remaining?,64,32,16,48,Another answer,"Step 1: Understand the initial size of the larger cube container, which is 4 units on each side. | Step 2: Recognize that the volume of the larger cube can be calculated using the formula V = s^3, where 's' represents the side length. | Step 3: Apply the formula to find the volume of the larger cube, resulting in V = 4^3 = 64 cubic units. | Step 4: Since we want to fill this larger cube completely with 1x1x1 unit cubes, the number of these smaller cubes required will equal the volume of the larger cube. | 64",1
Optimization of actions and planning,"You are a librarian tasked with organizing a set of 5 books on a single shelf. Every day you need to pull one book from the shelf to reference, but the order they are pulled is unknown. You can arrange the books however you like initially. To save time in the long run, you devise a system where after using a book, you place it back on the far right side of the shelf. Given that the books have equal probability of being chosen each day, which arrangement would minimize the average time spent searching for the books over a period of 100 days?",Alphabetical order,Reverse alphabetical order,"By size, largest to smallest",Any initial arrangement,Another answer,"{'final_answer_text': 'The librarian should first place book 5, then book 10, followed by book 17, and finally book 24. This route minimizes backtracking. Starting from 1, she moves 4 to the right (4 minutes), places the book (1 minute), moves 5 down (5 minutes), places the book (1 minute), moves 1 down and 2 left (3 minutes), places the book (1 minute), moves 2 down and 2 right (4 minutes) and places the final book (1 minute). Total time: 4 + 1 + 5 + 1 + 3 + 1 + 4 + 1 = 20 minutes.', 'options': ['20 minutes', '22 minutes', '18 minutes', '24 minutes', 'Another answer'], 'correct_option_number': 5}",5
Sequence solving,"You are given a sequence of numbers: 8, 11, 14, 17, 20. What is the next number in the sequence?",21,23,25,30,Another answer,"Step 1: Recognize that the sequence starts with the number 8. | Step 2: Determine the pattern by observing the increments between consecutive numbers, which consistently increase by 3 (e.g., 11-8=3, 14-11=3, 17-14=3, 20-17=3). | Step 3: Understand that to find the next number in the sequence, we add the latest increment (which is 3) to the last number in the provided sequence (which is 20). | Step 4: Perform the addition (20 + 3) to calculate the next number in the sequence. | 23",2
Optimization of actions and planning,"You have 15 tasks to complete. Each task takes exactly 7 minutes to complete. You have two assistants that can work simultaneously and independently from each other. However, there is a restriction that no assistant can start a new task within 3 minutes of finishing their previous task. What is the minimum time required to complete all 15 tasks?",70 minutes,77 minutes,80 minutes,87 minutes,Another answer,"Step 1: Calculate the total number of tasks (15) and the time per task (7 minutes). Total time needed without constraints is 105 minutes. | Step 2: Factor in the 3-minute mandatory break after each task. For every pair of consecutive tasks, this adds an additional 3 minutes. | Step 3: Determine the maximum possible overlap by assigning tasks to both assistants sequentially, respecting the 3-minute break rule. | Step 4: Create a schedule starting with the first assistant handling odd-numbered tasks and the second assistant handling even-numbered tasks. | Step 5: Account for transition times by adding a small buffer (e.g., 1 minute) after each task change to simulate real-world conditions. | Step 6: Adjust the schedule dynamically if any task takes longer than expected, redistributing remaining tasks efficiently. | Step 7: Sum up the total time taken by both assistants, including task durations, break periods, and transition buffers. | The improved estimated time required to complete all 15 tasks is approximately 77 minutes.",2
Sequence solving,"You discover an ancient tablet with a sequence of symbols that appear to have a logical progression: @, #, %, ^, &, ?. Every symbol represents a consecutive day of the week, starting with Monday. Based on the pattern, which symbol would correspond to Sunday?",@,#,&,?,Another answer,"Step 1: Analyze the given sequence of symbols and their corresponding days of the week. | Step 2: Recognize that there is no clear alphabetical or numerical pattern linking the symbols to the days directly. | Step 3: Since the sequence starts with '@' for Monday, infer that each symbol might represent a unique day without relying on alphabetical order. | Step 4: Given that the sequence ends with '&' for Friday, deduce that the missing symbol for Sunday should be different from all previously mentioned symbols. | Step 5: Propose a consistent method for assigning new symbols to upcoming days, such as using geometric shapes or other culturally significant icons. | The symbol representing Sunday should be a new character not present in the original sequence, possibly a shape like a circle ('O') or a star ('*').",1
Optimization of actions and planning,"A sales representative has four cities to visit: A, B, C, and D. The distances between cities are as follows: A to B: 50 miles, A to C: 20 miles, A to D: 60 miles, B to C: 90 miles, B to D: 40 miles, C to D: 70 miles. She must visit each city once and return to the original departure city. The challenge is to find the shortest possible route that meets the criteria. What is the total distance of the shortest route?",220 miles,210 miles,230 miles,240 miles,Another answer,"Step 1: List all possible routes from A to A passing through B, C, and D exactly once. | Step 2: Calculate the total distance for each route by adding up the individual distances between consecutive cities. | Step 3: Compare the total distances of all possible routes to determine the shortest one. | Step 4: Identify the route with the minimum total distance. | 210 miles",2
Sequence solving,"You discover an ancient book with a series of numbers on a page: 2, 12, 36, 80, 150, __. Alongside the numbers, there is a riddle in an unknown language, but it has a diagram that shows a series of geometric shapes that seem to correlate with the numbers. The first shape is a single square, the second consists of 3 squares forming a triangle, the forth shows a perfect square of 4x4 squares, and the fifth is a 'X' made from 25 squares. What should be the next number in the sequence to maintain the pattern described by the geometric diagrams?",210,250,294,342,Another answer,fallback_max_steps_exhausted,1
Spatial reasoning,"You have a 3x3x3 Rubik's Cube which is scrambled. If you consider a single-layer rotation as one move, what is the minimum number of moves required to make one face of the cube entirely one color, regardless of the placement or orientation of the other pieces?",4,7,10,13,Another answer,"Step 1: Analyze the current state of the cube focusing on the solved face and its relation to the unsolved ones. | Step 2: Identify if any optimizations can be applied immediately, such as creating a cross or completing corners without affecting the rest of the cube significantly. | Step 3: Examine potential algorithms that allow for quicker completion of the first two layers (F2L) while minimizing disruptions to the already solved parts of the cube. | Step 4: Investigate Orientation of the last layer (OLL) strategies that could align all pieces correctly with minimal moves, especially those that involve parity cases which are less common but crucial. | Step 5: Look into Permutation of the last layer (PLL) techniques that optimize piece movements, reducing unnecessary twists and turns. | Step 6: Compare standard Fridrich method times against specialized sequences for particular states of the cube that could lead to faster resolutions. | Step 7: Take into account the experience level of the solver; experts may perform certain steps simultaneously or recognize shortcuts not covered by general estimates. | The minimum number of moves required to solve one face of a randomly scrambled 3x3x3 Rubik's Cube, when employing optimized techniques and assuming an expert solver familiar with advanced strategies, could potentially be reduced below the initial estimate of 35-42 moves. While it is challenging to provide an exact figure without knowing the specific scramble pattern, it is conceivable that under ideal conditions, the number of moves could approach the lower end of this range or even less.",1
Operation of mechanisms,"A mechanical combination lock consists of three wheels, each marked with the digits from 0 to 9. Each wheel must be set to the correct position in order for the lock to open. When the lock is at the correct combination, the sum of the first and second wheels' digits is equal to the third wheel's digit. Additionally, the second wheel's digit is twice the first wheel's digit, and the third wheel's digit is three times the first wheel's digit minus one. What is the combination to open the lock?",1-2-2002,2-4-2005,3-6-2008,5-0-4,Another answer,"Step 1: Set up equations based on the problem statement. | Equation 1: Sum of the first and second wheels' digits equals the third wheel's digit. | Let x represent the first wheel's digit. | Equation 2: The second wheel's digit is twice the first wheel's digit. | The second wheel's digit = 2x. | Equation 3: The third wheel's digit is three times the first wheel's digit minus one. | The third wheel's digit = 3x - 1. | The correct combination is 1-2-2, since 1+2=3, which matches the third wheel's digit if we consider the subtraction of one from the tripled value of the first wheel's digit.",1
Optimization of actions and planning,"In a small town, there are four bridges that connect two parts of the town separated by a river. Due to construction, only two of the four bridges are open each day, and it is never the same two bridges on consecutive days. A businessman needs to cross to the other side and back every day for four days. He chooses bridges randomly each day. What is the probability that he won't have to use the same bridge twice in the four days?",1/24,1/12,1/6,1/4,Another answer,"1/6 | There are a total of 6 combinations for choosing 2 out of 4 bridges on the first day (4 choose 2). On subsequent days, there are 4 remaining bridges, and we want to avoid selecting the same pair. So, for the second day, there are 3 new pairs available. For the third day, there are 2 new pairs, and for the fourth day, there is only 1 new pair left. Therefore, the probability of not repeating the same pair over four days is the product of probabilities for each day: (4/6) * (3/6) * (2/6) * (1/6) = 1/6.",1
Classic riddles,"A precious stone, a ring of gold, Yet no one's property it may hold. What am I?",Diamond,Sun,Gold coin,Wedding ring,Another answer,"Sun | The Sun fits the criteria as it is described as a 'precious stone' and a 'ring of gold,' symbolizing light and warmth. It holds immense value beyond physical possession, representing life and energy on Earth. Unlike diamonds, gold coins, or wedding rings, the Sun cannot be owned or held, making it the most fitting abstract concept among the given options.",2
Optimization of actions and planning,"You are the new manager of a warehouse that needs to optimize the placement of its items. There are 3 zones in the warehouse: high frequency (HF), medium frequency (MF), and low frequency (LF) areas, indicating how often items are accessed. Items A, B, and C have an access frequency of 50 times per day, 30 times per day, and 10 times per day, respectively. You must place one item in each zone to minimize the walking distance for retrieval, considering daily access frequency as a representative measurement of walking distance. Where should each item be placed to optimize efficiency?","A in LF, B in MF, C in HF","A in HF, B in LF, C in MF","A in HF, B in MF, C in LF","A in MF, B in HF, C in LF",Another answer,"Step 1: Identify the access frequencies for each item - Item A: 50 times per day, Item B: 30 times per day, Item C: 10 times per day. | Step 2: Understand that higher access frequency indicates more frequent movement within the warehouse, thus requiring proximity to reduce walking distance. | Step 3: Match the highest access frequency item (Item A) with the area where it will be most frequently retrieved - High Frequency (HF) area. | Step 4: Place the next highest access frequency item (Item B) in the Medium Frequency (MF) area, which still represents significant but lesser activity than HF. | Step 5: Assign the lowest access frequency item (Item C) to the Low Frequency (LF) area, as it will require the least walking distance due to infrequent access. | A in HF, B in MF, C in LF",3
Optimization of actions and planning,"In a tournament, every player played exactly one match against each other player. Each match can result in a win or a loss, draws are not possible. There are no ties in the final ranking. The winner of a match gets a score that is one higher than the score of the player they defeated. The player who lost all his matches ends with a score of 0. Considering that the sum of scores of all players is 220, how many players participated in the tournament?",20,21,22,23,Another answer,"Step 1: Recognize that the sum of scores from all players ranges from 0 (loser) to n-1 (winner). This forms an arithmetic series. | Step 2: Use the formula for the sum of an arithmetic series, S = n/2 * (first term + last term). Here, first term is 0 and last term is n-1. Thus, the sum S = n/2 * (0 + (n-1)) = n/2 * (n-1). | Step 3: Set up the equation based on the provided sum of scores: n/2 * (n-1) = 220. | Step 4: Multiply both sides by 2 to eliminate the fraction: n * (n-1) = 440. | Step 5: Expand the left side of the equation: n^2 - n = 440. | Step 6: Rearrange the equation into standard quadratic form: n^2 - n - 440 = 0. | Step 7: Factor the quadratic equation to find the values of 'n': (n - 22)(n + 20) = 0. | Step 8: Discard the negative root (-20) as the number of players cannot be negative. | Step 9: Confirm that the positive root (22) satisfies the original conditions of the problem. | 22",3
Optimization of actions and planning,"Alice, Bob, and Charlie are planning to meet in a coffee shop that is equidistant from their homes. They can choose to take a bus, a taxi, or to walk. The bus arrives every 15 minutes and takes 10 minutes to reach the coffee shop. A taxi is immediately available but costs $10 and takes 5 minutes to reach the destination. Walking takes 30 minutes. They all have different financial situations: Alice wants to minimize cost, Bob wants to minimize waiting time, and Charlie prefers to not arrive sweaty so he avoids walking if possible. They all depart their homes at the same time and want to optimize according to their preferences. What mode of transportation should each one take?","Alice takes the bus, Bob takes the taxi, Charlie takes the bus.","Alice takes the taxi, Bob walks, Charlie takes the bus.","Alice walks, Bob takes the bus, Charlie takes the taxi.","Alice takes the bus, Bob takes the bus, Charlie walks.",Another answer,"Step 1: Assess Alice's goal to minimize cost while considering her willingness to wait for the bus. | Step 2: Analyze Bob's priority to minimize waiting time, making immediate transportation his top choice. | Step 3: Take into account Charlie's preference to avoid arriving sweaty, thus excluding walking as an option. | Step 4: Investigate the possibility of using multiple modes of transportation to cater to everyone's needs without splitting costs. | Step 5: Propose a scenario where Alice waits for the first bus, then uses a shared taxi service afterward, allowing Bob to use the taxi directly when it becomes available, and finally, Charlie joins the last part of the journey via the remaining taxi. | Alice waits for the first bus, Bob takes the next available taxi, and Charlie joins the final part of the journey in the same taxi.",1
Classic riddles,A prisoner is told 'If you tell a lie we will hang you; if you tell the truth we will shoot you.' What can the prisoner say to save himself?,I am guilty.,I will be shot.,You will hang me.,I will be pardoned.,Another answer,"I have nothing to confess. | By stating that he has no information to provide, the prisoner avoids committing to any assertion that could lead to harm. This non-committal statement does not reveal whether he is a truth-teller or a liar, thus preserving his safety.",1
Operation of mechanisms,"A homeowner wants to design a simple mechanical gate that opens automatically when their car approaches from the outside but does not open when the car exits the driveway. The gate must also be able to be opened manually from the inside without using a remote control or automated system. Considering they do not wish to use electronic sensors or complex machinery, which option represents the best mechanical design to achieve these requirements?",Use a pull-rope connected to the gate that the homeowner can tug from the car.,Install a weighted pivot mechanism that opens when a car pushes from the outside.,Have a pressure plate on the driveway that triggers the gate when a car is on top of it.,Fit the car with a magnet that attracts a metallic plate on the gate when near.,Another answer,"Use a pull-rope connected to the gate that the homeowner can tug from the car. | This design allows automatic opening upon approach via a physical connection between the car and the gate, ensuring simplicity and reliability. It avoids complexity such as weighted pivots, pressure plates, or magnetic interactions, which could fail due to environmental factors or misalignment. Additionally, the pull-rope provides a clear manual override point accessible from within the house.",1
Spatial reasoning,"You are in a magical library with four doors: one on each wall. Each door is painted with symbols. The North door has a triangle, the East door a square, the South door a circle, and the West door a hexagon. A riddle on the floor reads: The way forward walks on four, neither less nor more. To exit the library, which door do you choose?",North door,East door,South door,West door,Another answer,"Step 1: Analyze the riddle which says 'The way forward walks on four'. This implies we need to find a symbol associated with the number four. | Step 2: Review the given options and their corresponding symbols: North door (triangle), East door (square), South door (circle), West door (hexagon). Among these, the hexagon represents six sides, which is too many. | Step 3: Eliminate the doors with symbols representing numbers other than four: Triangle (North door) does not represent four, Square (East door) also does not represent four, Circle (South door) again does not represent four. | Step 4: By process of elimination, the only door left that could potentially match the description of walking on four is the West door with its hexagon symbol. | West door",4
Sequence solving,"A sequence starts with the number 1 and each subsequent number is three times the previous number plus 1. If 1, 4, 13 are the first three numbers, what is the fifth number in the sequence?",52,58,121,91,Another answer,Step 1: Identify the pattern in the sequence which states that each subsequent number is three times the previous number plus 1. | Step 2: Calculate the fourth number by applying the pattern to the third number (13). Multiply 13 by 3 and add 1: 13*3 + 1 = 40. | Step 3: Calculate the fifth number by applying the pattern to the fourth number (40). Multiply 40 by 3 and add 1: 40*3 + 1 = 121. | Final Answer: The fifth number in the sequence is 121. | 121,3
Lateral thinking,Pete is reading a book. Suddenly he throws the book away and turns on the light. Why did Pete throw the book away and turn on the light?,He finished reading the book.,There was a power outage.,He read something frightening.,The book was damaged and he threw it away in frustration.,Another answer,"He read something frightening. | Pete's actions suggest an emotional reaction to disturbing content within the book. Throwing the book indicates frustration or shock, while seeking illumination implies a desire to understand what scared him, possibly related to the text.",3
Sequence solving,"Find the next number in the following sequence: 3, 4, 6, 9, 13, ... What is the next number and why?",14,17,18,19,Another answer,"{'final_answer_text': 'Each number in the sequence is one more than twice the previous number. So, the formula to find the next number is: next number = (previous number * 2) + 1. Applying the formula to the last number (17) in the sequence: (17 * 2) + 1 = 34 + 1 = 35.', 'options': ['33', '35', '36', '42', 'Another answer'], 'correct_option_number': 1}",2
Spatial reasoning,"Imagine you have a cube made up of 27 smaller cubes of the same size – a 3x3x3 cube. This large cube is painted on all six outer faces. You then separate all the smaller cubes and randomly pick one. Without looking at it, you try to determine the probability of picking a smaller cube that has exactly two painted faces. What is this probability?",1/9,2/9,4/9,8/27,Another answer,"{'final_answer_text': 'The only way for the reassembled cube to have its outside completely painted red is if each smaller cube is returned to its original location with the correct orientation. Since the center cube of each face (6 in total) has only one painted side, they cannot be confused with any other piece, and the center cube of the large cube has no paint, so it also cannot be confused. The corner cubes each have three painted sides, and there are 8 corner cubes, which can be arranged in 8! different ways, and each corner cube can be oriented in 3 different ways that have painted sides facing outward, so the orientations of the corner cubes can be done in 3^8 ways. The edge cubes have 2 painted sides and there are 12 such cubes. The edge cubes can be arranged in 12! ways and each can be oriented in 2 ways, so the orientation of edge cubes can be done in 2^12 ways. Hence, the probability P is calculated by the formula: P = 1 / (8! * 12! * 3^8 * 2^12).', 'options': ['1 / (8^3 * 3^8 * 2^8)', '1 / (8! * 12! * 3^8 * 2^12)', '1 / (8! * 3^12)', '1 / (6! * 3! * 8! * 2^12)', 'Another answer'], 'correct_option_number': 5}",5
Lateral thinking,"A man is found hanging dead from the ceiling in a flooded room. The water is not deep enough to drown a man, and there are no steps or chairs or any kind of furniture in the room. He didn’t die by drowning, but by hanging. How is this possible?",He used a ladder that he later threw out of the window.,He was lifted by a strong magnetic force.,He stood on a block of ice which melted.,The water level fell after he died.,Another answer,"He stood on a block of ice which melted. | Given the constraints, the most plausible explanation is that the man utilized a block of ice as a temporary support structure to hang himself. Since the room was flooded but not deep enough to cause drowning, and considering the absence of furniture, the melting ice provides a credible scenario whereby the man could be suspended above the ground until the ice dissolved completely.",3
Spatial reasoning,"Imagine a 3x3x3 Rubik's cube. Each small cube on the surface is colored either red, blue, or green. There are 9 red, 12 blue, and remaining green small cubes visible on the surface. Considering all possible color distributions and without breaking the cube, how many small green cubes will be at least on one corner of the Rubik's cube?",1,2,3,4,Another answer,"Step 1: Recognize that a 3x3x3 Rubik's cube has 8 corners. | Step 2: Understand that each corner consists of one small cube from each of the three visible faces. | Step 3: Confirm the total number of small cubes visible on the surface: 9 red + 12 blue = 21 cubes. | Step 4: Calculate the total number of small cubes on the surface: 27 cubes per layer * 3 layers = 81 cubes. | Step 5: Determine the number of unspecified small cubes (green): 81 total - 21 (red and blue) = 60 green cubes. | Step 6: Realize that not all corners can have a green cube since some corners share edges with other faces, limiting the potential positions for green cubes. | Step 7: Apply spatial reasoning to deduce that at most 4 corners can have a green cube because two corners share an edge, effectively halving the number of unique corners for green cubes. | Step 8: Validate this conclusion through logical consistency within the constraints of a Rubik's cube. | At most 4 corners of the Rubik's cube can have a green cube considering the shared edges between faces.",4
Operation of mechanisms,"In a factory, there are three machines A, B, and C. Machine A can complete an order in 4 hours, Machine B can complete the same order in 6 hours, and Machine C can complete it in 12 hours. If all three machines start working on the order at the same time, how many hours will it take to complete the order?",1.5 hours,2 hours,3 hours,4 hours,Another answer,"{'final_answer_text': 'Machine A and C can complete the job in 3 hours since machine C doubles the speed of machine A (6 hours halved). In the first hour, they complete 1/3 of the job. After that, 2/3 of the job remains. Machine B can complete the job in 3 hours on its own, so to complete 2/3, it would take 2 hours. Therefore, the total time taken is the 1 hour by machines A and C plus the 2 hours by machine B, which equals 3 hours.', 'options': ['2 hours', '3 hours', '4 hours', '5 hours', 'Another answer'], 'correct_option_number': 5}",5
Optimization of actions and planning,"Claire has 4 tasks to complete with varying levels of urgency and duration. Task A must be done before Task C and takes 3 hours. Task B is not urgent but takes 4 hours. Task C is very urgent and takes 2 hours. Task D is moderately urgent and takes 1 hour. Without overlapping any tasks, what is the minimum amount of time needed for Claire to complete all tasks if she starts at 8 AM and follows optimal ordering?",8 hours,10 hours,9 hours,11 hours,Another answer,"Step 1: Identify the constraints - Task A must be completed before Task C. | Step 2: Prioritize tasks based on urgency and dependencies - Task C is very urgent and requires completion first, followed by Task A due to its dependency on Task C. | Step 3: Arrange remaining tasks considering their durations - Task B is less urgent than Tasks C and A, so it comes next, followed by Task D, which is moderately urgent. | Step 4: Calculate the total time required - Add the durations of the ordered tasks: Task C (2 hours) + Task A (3 hours) + Task B (4 hours) + Task D (1 hour) = 10 hours. | 10 hours",2
Lateral thinking,"A woman buys a new pair of shoes, goes to work, and dies. What happened?",The woman was allergic to the material of the shoes.,"The shoes caused her to trip, fall, and suffer a fatal injury.",An infection from a blister caused by the shoes led to her death.,"The heel of the shoe broke off, causing a fatal accident on the stairs.",Another answer,"The heel of the shoe broke off, causing a fatal accident on the stairs. | Considering the goal to explore rare shoe materials causing harm and assess potential shoe design flaws leading to danger, the scenario where the heel breaks off represents an unusual yet plausible situation. This could lead to a loss of balance and a fatal fall, especially if the incident occurs on stairs.",4
Optimization of actions and planning,"Alex, Brenda, and Chloe want to paint a series of three houses, each in a different color: red, green, or blue. They need to optimize the painting schedule to minimize the total time spent while adhering to the following constraints: (1) Alex paints faster than Brenda and Chloe. (2) Brenda cannot paint a house green. (3) Chloe must paint the blue house immediately after Alex paints the red one. If each person can only paint one house and the total painting times are Alex - 3 hours, Brenda - 4 hours, and Chloe - 5 hours, how should the houses be allocated to minimize the total time spent painting?","Alex - Red, Brenda - Blue, Chloe - Green","Alex - Green, Brenda - Red, Chloe - Blue","Alex - Red, Brenda - Green, Chloe - Blue","Alex - Blue, Brenda - Red, Chloe - Green",Another answer,"Step 1: Identify the constraints given in the problem. | Constraint 1: Alex paints faster than both Brenda and Chloe. | Constraint 2: Brenda cannot paint a house green. | Constraint 3: Chloe must paint the blue house immediately after Alex paints the red one. | Step 2: Analyze the total painting times provided for each individual. | Alex - 3 hours, Brenda - 4 hours, Chloe - 5 hours. | Step 3: Determine the optimal allocation based on speed and constraints. | Since Alex is the fastest painter, he should start with the red house as it needs to be painted before the blue one according to Constraint 3. | Brenda cannot paint the green house, leaving her with either red or blue. But since Alex has already taken the red house, Brenda must paint the blue house. | Chloe must paint the blue house immediately after Alex, but since Brenda is taking the blue house, Chloe must paint the green house. | Alex - Red, Brenda - Blue, Chloe - Green",1
Optimization of actions and planning,"You have an electric car that can travel up to 100 miles on a full charge. You need to reach a destination that is 250 miles away, and there are three charging stations on the way. The first is located 70 miles from the starting point, the second is 140 miles from the start (70 miles from the first), and the third is 210 miles from the start (70 miles from the second). Charging at each station takes 30 minutes, regardless of the amount of charge required. Assuming your car starts with a full charge and you wish to spend the least amount of time possible charging, how should you plan your stops to charge the car and what would be the total charging time?",Charge once at the first station for 50 minutes.,Charge once at the second station for 25 minutes.,Charge at the first and third stations for a total of 40 minutes.,Charge at the first and second stations for a total of 30 minutes.,Another answer,"Step 1: Determine the maximum distance the car can travel on a full charge (100 miles). | Step 2: Plan the route by identifying when the car will require charging based on its range. | Step 3: Assess the necessity of stopping at each charging station within the car's range limit. | Step 4: Calculate the remaining distance after each stop and decide whether to continue or recharge. | Step 5: Minimize charging time while ensuring the car has enough charge to complete the journey. | Step 6: Account for any additional factors such as traffic conditions or road closures. | Charge once at the first station for 30 minutes, then drive approximately 70 miles to the second station for another 30 minutes of charging.",1
Spatial reasoning,"You are in a room with four doors, each leading to a path that goes in one of the four cardinal directions: North, East, South, and West. Each door has a unique puzzle lock that requires you to place a set of shapes into the correct sequence to open the door. The North door requires a square, circle, and triangle in sequence; the East door requires a square, square, and circle; the South door wants a triangle, square, and circle; and the West door requires a circle, triangle, and square. You have a hint that says 'I open when the first shape is unique and the last is common among those not taken.' Which door should you choose?",North Door,East Door,South Door,West Door,Another answer,"Step 1: Reinterpret the hint - consider that the 'first shape is unique' may allow for the same shape appearing elsewhere in the sequence, as long as it isn't immediately following itself. | Step 2: Evaluate each door's sequence against the revised interpretation of the hint. | Step 3: Assess the sequences for ease of navigation based on spatial reasoning. For instance, having similar shapes close together might indicate a shorter distance or simpler direction change. | Step 4: Take into account any additional contextual clues or patterns from previous experiences that could influence the choice. | The West Door appears to be the most logical choice based on the reinterpreted hint and spatial reasoning. The sequence Circle -> Triangle -> Square starts with a non-repeating shape followed by a repeating shape, satisfying the condition where the first shape is unique ('Circle') and the last shape ('Square') is common among those not taken ('Triangle'). Additionally, assuming a linear progression towards the west, starting with a circular motion before moving onto a triangular then rectilinear path aligns well with natural movement patterns and possibly simplifies navigation.",1
Operation of mechanisms,"In a room, there are three machines. Each machine has two modes: blue mode and red mode. Machine 1 changes its color every 3 minutes, Machine 2 changes its color every 4 minutes, and Machine 3 changes its color every 5 minutes. If all machines start in the blue mode, how many minutes will pass before all machines show red for the first time simultaneously?",20 minutes,60 minutes,120 minutes,180 minutes,Another answer,"Step 1: Identify the individual cycle times for each machine - Machine 1 cycles every 3 minutes, Machine 2 cycles every 4 minutes, and Machine 3 cycles every 5 minutes. | Step 2: Find the least common multiple (LCM) of the cycle times to determine when all machines will change colors simultaneously. | Step 3: Calculate the LCM of 3, 4, and 5. | Step 4: The prime factorization of 3 is 3, of 4 is 2^2, and of 5 is 5. | Step 5: To find the LCM, take the highest power of each prime number present in the factorizations - this results in LCM(3, 4, 5) = 2^2 * 3 * 5 = 60. | 60 minutes",2
Spatial reasoning,"Imagine a cube that has a number from 1 to 6 on each face, much like a die. If the cube is rolled on the table and only the numbers on the vertical faces are added, the sum is always 14. The cube is now thrown and lands with the number 3 facing up. What is the number on the bottom face?",1,2,4,5,Another answer,"{'final_answer_text': 'Since you are seeing the number 4 on one face, the opposite face (which we cannot see) will have the number 3, because 3 and 4 makes 7 according to the rule given. The top face of the cube can show any number except 3 and 4, since 3 is opposite to the 4 and 4 is visible through the hole. The possible numbers could be 1, 2, 5, or 6.', 'options': ['1, 2, or 5', '1, 3, or 5', '2, 5, or 6', '1, 2, 5, or 6', 'Another answer'], 'correct_option_number': 4}",3
Sequence solving,"You come across three sequences which follow a specific pattern. The sequences are as follows: 
Sequence A: 2, 12, 36, 80, 150
Sequence B: 3, 24, 60, 120, 210
Sequence C: 5, 35, ?, 175, 275
Find the missing number in Sequence C.",66,81,96,102,Another answer,Step 1: Examine Sequence A to determine its pattern. | Step 2: Calculate differences between successive terms in Sequence A. | Step 3: Identify the relationship between the position of a term and its value in Sequence A. | Step 4: Apply the same pattern recognition methodology to Sequence B. | Step 5: Confirm if the patterns from Sequences A and B can help deduce the pattern in Sequence C. | Step 6: Use the established pattern to calculate the missing number in Sequence C. | The missing number in Sequence C is 96.,3
Lateral thinking,"In a small village, there is a bizarre rule: Every family must have a pet, but no two neighbors can have the same kind of pet. One day, a tourist comes to the village and visits four neighboring houses in a row. Each house's pet is mentioned as follows: The first house has a dog, the second keeps a cat, the third has a parrot, and the fourth mentions they have one too. Knowing that the rule is strictly followed and the tourist misunderstood only one of the pet descriptions, which house has a different pet, and what is it?",First house with a rabbit,Second house with a hamster,Third house with a parrot,Fourth house with a fish,Another answer,"Step 1: Identify the known pets - Dog, Cat, Parrot. | Step 2: Recognize the unique rule - No two adjacent houses can have the same type of pet. | Step 3: Examine the list of potential incorrect pets - Rabbit, Hamster, Fish. | Step 4: Analyze the likelihood of each pet being misidentified considering global pet ownership trends. | Step 5: Acknowledge that while rabbits and hamsters are less common household pets compared to dogs, cats, and parrots, they still exist as such globally. | Step 6: Note that keeping fish as pets is more specific to regions where ornamental fishkeeping is popular, making them potentially more prone to misinterpretation by someone unfamiliar with local customs. | Step 7: Conclude that among the listed options, the fish stands out as the least conventional choice for a pet in many parts of the world, especially when contrasted with the more widely recognized status of dogs, cats, and parrots as household pets. | Fourth house with a fish",4
Optimization of actions and planning,"In a new game, you have been given the task to collect as many apples as possible. There are three types of trees in the orchard you are in, each with different productivity. The first type has trees that each yield 2 apples per minute, the second type has trees yielding 4 apples per minute, and the third type yields 8 apples per minute. However, you can only collect from one tree at a time and it takes 5 minutes to move from one tree to another, regardless of type. You have 30 minutes before the game ends. Which trees should you choose to collect from and in what order to maximize the number of apples?","Collect from type 1 for 15 minutes, then from type 2 for 10 minutes, and from type 3 for 5 minutes.","Collect from type 1 for 10 minutes, then from type 3 for 20 minutes.","Collect from type 3 for 25 minutes, then from type 2 for 5 minutes.","Collect from type 2 for 15 minutes, then from type 3 for 15 minutes.",Another answer,"Step 1: Calculate the maximum number of apples that can be collected from each tree type within the 30-minute limit. | Type 1: 2 apples/min * 15 min = 30 apples | Type 2: 4 apples/min * 15 min = 60 apples | Type 3: 8 apples/min * 15 min = 120 apples | Step 2: Consider the travel time between trees. | Travel time: 5 minutes | Maximum time spent collecting without moving: 30 - 5 = 25 minutes | Step 3: Determine the best combination of tree types to maximize apple collection considering travel time. | Option 1: Type 1 (15 min) + Type 2 (10 min) + Type 3 (5 min) = Total 30 min, but not full utilization of available time. | Option 2: Type 1 (10 min) + Type 3 (20 min) = Total 30 min, fully utilizing the time. | Option 3: Type 3 (25 min) + Type 2 (5 min) = Total 30 min, but less efficient than Option 2 because fewer apples are collected from Type 2. | Option 4: Type 2 (15 min) + Type 3 (15 min) = Total 30 min, but less efficient than Option 2 because more time is wasted moving back and forth. | Collect from type 3 for 25 minutes, then from type 2 for 5 minutes.",3
Logical traps,"You are presented with two boxes, Box A and Box B. One box contains a reward, and the other contains nothing. There is a statement written on each box. Box A says 'The reward is in this box.' Box B says 'The reward is not in Box A.' Only one of these statements is true. Which box contains the reward?",Box A,Box B,Both boxes,Neither box,Another answer,"Step 1: Analyze the given information - one box contains a reward, and the other contains nothing. | Step 2: Consider if both statements could be true - This would imply that the reward is in both boxes, which contradicts the initial condition. | Step 3: Evaluate if both statements could be false - This would suggest that neither box contains the reward, again contradicting the initial condition. | Step 4: Assess the truth value of Box A's statement - If Box A's statement was true, then Box B's statement would also have to be true, leading to a logical contradiction. | Step 5: Conclude that Box A's statement must be false - Since we established earlier that both statements cannot be true or false without causing a contradiction, Box A's claim about containing the reward must be incorrect. | Box B",2
Operation of mechanisms,"You are given a system with two gears connected to each other. Gear A has 24 teeth and gear B has 48 teeth. Gear A is connected to a motor that spins it at a rate of 20 revolutions per minute (RPM). There is also a small display attached to gear B, which shows the total number of revolutions made by gear B. If both gears start from a standstill, after how many revolutions of gear A will the display show an even number of revolutions for gear B?",After 1 revolution of gear A,After 2 revolutions of gear A,After 4 revolutions of gear A,The display will always show an even number of revolutions for gear B,Another answer,"Step 1: Determine the gear ratio between Gear A and Gear B. Since Gear A has 24 teeth and Gear B has 48 teeth, the ratio is 24:48 or simplified to 1:2. | Step 2: Calculate the RPM of Gear B based on the RPM of Gear A. Given that Gear A rotates at 20 RPM, Gear B will rotate at half this speed due to the gear ratio, resulting in 10 RPM for Gear B. | Step 3: Understand that one complete revolution of Gear A results in one complete revolution of Gear B since they are directly connected. Therefore, the number of revolutions shown on the display for Gear B will be equal to the number of revolutions of Gear A. | (4) The display will always show an even number of revolutions for gear B.",4
Classic riddles,"I can be cracked, made, told, and played. What am I?",A safe,A joke,A code,A puzzle,Another answer,"Step 1: Analyze each option based on the clues given - something that can be 'cracked', 'made', 'told', and 'played'. | Step 2: Consider what fits all these descriptions simultaneously. | Step 3: Eliminate options that don't match all criteria. A safe cannot be 'told' or 'played'; a code isn't typically 'cracked' in the sense of entertainment or storytelling; a puzzle doesn't fit well with being 'told' or 'played' in a conventional sense. | Step 4: Identify that a 'joke' can indeed be 'cracked' (as in understood), 'made' (created by someone), 'told' (spoken aloud), and 'played' (performed for humor). | Step 5: Confirm that none of the other options provided fully satisfy all four conditions. | A joke",2
